{"a": 0.4514021423817256, "b": -0.0034222780186864655, "width": 1.2, "height": 0.8, "resolution_x": 1920, "resolution_y": 1080}