{"a": 0.4514021423817256, "b": -0.0034222780186864655, "width": 0.9, "height": 0.5, "resolution_x": 1920, "resolution_y": 1080}