{"a": 0.4562751481230042, "b": -0.0053549859719371675, "width": 1.2, "height": 0.8, "resolution_x": 1920, "resolution_y": 1080}