{"a": 0.2962180600907303, "b": 0.046561855505161794, "width": 1.2, "height": 0.8, "resolution_x": 1920, "resolution_y": 1080}